delivery_id,vendor_id,scheduled_date_id,delivered_date_id,was_delivered,was_rejected,delay_days
1,37,64,68,TRUE,FALSE,4
2,40,20,19,TRUE,FALSE,-1
3,23,230,233,TRUE,FALSE,3
4,4,17,19,TRUE,FALSE,2
5,28,317,318,TRUE,FALSE,1
6,45,32,32,TRUE,FALSE,0
7,31,176,181,TRUE,FALSE,5
8,44,219,219,TRUE,FALSE,0
9,43,160,159,TRUE,FALSE,-1
10,35,220,220,TRUE,FALSE,0
11,14,115,121,TRUE,FALSE,6
12,9,277,280,TRUE,FALSE,3
13,8,215,215,TRUE,FALSE,0
14,49,143,144,TRUE,TRUE,1
15,12,303,307,TRUE,FALSE,4
16,43,52,55,TRUE,FALSE,3
17,47,355,355,TRUE,FALSE,0
18,22,63,65,FALSE,FALSE,2
19,42,252,255,TRUE,TRUE,3
20,44,212,213,TRUE,FALSE,1
21,33,171,170,TRUE,FALSE,-1
22,3,4,6,TRUE,FALSE,2
23,34,182,182,TRUE,FALSE,0
24,38,230,233,TRUE,FALSE,3
25,41,190,193,TRUE,FALSE,3
26,50,354,360,TRUE,FALSE,6
27,2,291,296,TRUE,FALSE,5
28,21,281,286,TRUE,FALSE,5
29,24,141,141,TRUE,FALSE,0
30,17,100,106,TRUE,FALSE,6
31,32,95,98,TRUE,FALSE,3
32,45,302,307,TRUE,FALSE,5
33,23,133,134,TRUE,FALSE,1
34,45,349,351,TRUE,FALSE,2
35,3,239,242,TRUE,FALSE,3
36,42,204,205,TRUE,FALSE,1
37,18,266,271,TRUE,FALSE,5
38,33,204,208,TRUE,FALSE,4
39,44,168,171,TRUE,FALSE,3
40,7,71,74,TRUE,FALSE,3
41,12,187,193,TRUE,FALSE,6
42,49,259,261,TRUE,FALSE,2
43,12,184,190,TRUE,FALSE,6
44,25,300,305,TRUE,FALSE,5
45,44,343,347,TRUE,TRUE,4
46,15,196,199,TRUE,FALSE,3
47,38,142,145,TRUE,TRUE,3
48,41,283,284,TRUE,FALSE,1
49,5,281,284,TRUE,FALSE,3
50,44,266,265,TRUE,FALSE,-1
51,16,357,357,TRUE,FALSE,0
52,28,354,353,TRUE,FALSE,-1
53,32,216,220,TRUE,FALSE,4
54,32,262,265,TRUE,FALSE,3
55,28,255,256,TRUE,FALSE,1
56,1,329,334,TRUE,FALSE,5
57,18,204,207,TRUE,FALSE,3
58,6,334,335,TRUE,FALSE,1
59,44,7,10,TRUE,FALSE,3
60,49,124,124,TRUE,FALSE,0
61,6,352,353,TRUE,FALSE,1
62,45,39,43,TRUE,FALSE,4
63,41,328,332,TRUE,FALSE,4
64,31,62,67,TRUE,FALSE,5
65,5,193,195,TRUE,FALSE,2
66,25,65,70,TRUE,FALSE,5
67,32,282,288,TRUE,FALSE,6
68,33,234,236,TRUE,FALSE,2
69,3,97,99,TRUE,FALSE,2
70,49,22,23,TRUE,FALSE,1
71,33,62,67,TRUE,FALSE,5
72,19,108,112,TRUE,FALSE,4
73,43,105,108,TRUE,FALSE,3
74,20,144,148,TRUE,FALSE,4
75,34,260,264,TRUE,FALSE,4
76,9,80,82,TRUE,FALSE,2
77,24,4,5,TRUE,FALSE,1
78,39,265,265,TRUE,FALSE,0
79,43,9,14,TRUE,FALSE,5
80,36,292,297,TRUE,FALSE,5
81,7,293,292,TRUE,FALSE,-1
82,39,77,83,TRUE,FALSE,6
83,21,267,271,TRUE,FALSE,4
84,25,68,72,TRUE,FALSE,4
85,47,59,59,TRUE,FALSE,0
86,22,234,235,TRUE,FALSE,1
87,1,190,195,TRUE,FALSE,5
88,30,240,244,TRUE,FALSE,4
89,14,111,113,TRUE,FALSE,2
90,11,146,147,TRUE,FALSE,1
91,2,8,10,TRUE,FALSE,2
92,33,261,262,TRUE,FALSE,1
93,33,18,19,TRUE,FALSE,1
94,15,118,119,TRUE,FALSE,1
95,5,30,30,TRUE,FALSE,0
96,7,126,127,TRUE,FALSE,1
97,39,277,282,TRUE,FALSE,5
98,6,267,268,TRUE,FALSE,1
99,42,321,322,TRUE,FALSE,1
100,39,358,359,TRUE,FALSE,1
101,11,82,85,TRUE,FALSE,3
102,22,358,361,TRUE,FALSE,3
103,8,56,58,TRUE,FALSE,2
104,43,335,335,TRUE,FALSE,0
105,24,77,83,TRUE,FALSE,6
106,12,217,220,TRUE,FALSE,3
107,30,304,304,TRUE,FALSE,0
108,38,223,227,TRUE,FALSE,4
109,22,251,257,TRUE,FALSE,6
110,22,253,253,TRUE,FALSE,0
111,25,68,68,TRUE,FALSE,0
112,15,19,22,TRUE,FALSE,3
113,49,207,212,TRUE,FALSE,5
114,2,313,312,TRUE,FALSE,-1
115,43,253,255,TRUE,FALSE,2
116,16,226,226,TRUE,FALSE,0
117,4,71,70,TRUE,FALSE,-1
118,20,218,218,TRUE,TRUE,0
119,34,272,272,TRUE,FALSE,0
120,7,74,79,TRUE,FALSE,5
121,16,243,242,TRUE,FALSE,-1
122,34,238,243,TRUE,FALSE,5
123,6,162,162,TRUE,FALSE,0
124,19,44,44,TRUE,FALSE,0
125,49,210,213,TRUE,FALSE,3
126,20,8,13,TRUE,FALSE,5
127,22,254,255,TRUE,FALSE,1
128,3,103,106,TRUE,FALSE,3
129,10,234,235,TRUE,FALSE,1
130,9,34,35,TRUE,FALSE,1
131,5,20,24,TRUE,FALSE,4
132,26,146,150,TRUE,TRUE,4
133,15,95,95,TRUE,FALSE,0
134,33,218,218,TRUE,FALSE,0
135,23,275,281,TRUE,FALSE,6
136,16,192,193,TRUE,FALSE,1
137,36,355,360,TRUE,FALSE,5
138,1,41,42,TRUE,FALSE,1
139,45,235,238,TRUE,FALSE,3
140,41,19,21,TRUE,FALSE,2
141,12,166,167,TRUE,FALSE,1
142,31,256,260,TRUE,FALSE,4
143,31,327,329,TRUE,FALSE,2
144,38,163,164,TRUE,FALSE,1
145,36,256,260,TRUE,FALSE,4
146,42,340,342,TRUE,FALSE,2
147,25,206,210,TRUE,FALSE,4
148,13,110,112,TRUE,FALSE,2
149,17,235,240,TRUE,FALSE,5
150,46,316,317,TRUE,FALSE,1
151,9,138,142,TRUE,FALSE,4
152,16,26,30,TRUE,TRUE,4
153,12,261,262,TRUE,FALSE,1
154,26,315,318,TRUE,FALSE,3
155,42,135,139,TRUE,FALSE,4
156,28,265,268,TRUE,FALSE,3
157,31,141,146,FALSE,FALSE,5
158,8,352,352,TRUE,FALSE,0
159,20,139,141,TRUE,FALSE,2
160,45,295,294,TRUE,FALSE,-1
161,16,36,40,TRUE,FALSE,4
162,10,147,152,TRUE,FALSE,5
163,43,251,254,TRUE,FALSE,3
164,27,349,352,TRUE,FALSE,3
165,32,209,214,TRUE,FALSE,5
166,18,105,110,TRUE,FALSE,5
167,42,186,188,TRUE,FALSE,2
168,12,239,242,TRUE,FALSE,3
169,20,333,335,TRUE,FALSE,2
170,23,318,324,TRUE,FALSE,6
171,13,176,177,TRUE,FALSE,1
172,50,49,48,TRUE,FALSE,-1
173,8,221,222,TRUE,FALSE,1
174,39,311,312,TRUE,FALSE,1
175,35,250,256,TRUE,FALSE,6
176,6,243,243,TRUE,FALSE,0
177,7,343,344,TRUE,FALSE,1
178,31,21,23,TRUE,FALSE,2
179,41,93,98,TRUE,FALSE,5
180,20,51,50,TRUE,FALSE,-1
181,2,63,63,TRUE,FALSE,0
182,12,201,205,TRUE,FALSE,4
183,40,54,60,TRUE,FALSE,6
184,26,281,280,TRUE,FALSE,-1
185,4,83,86,TRUE,FALSE,3
186,22,207,210,TRUE,FALSE,3
187,44,43,49,TRUE,FALSE,6
188,35,326,328,TRUE,FALSE,2
189,26,209,213,TRUE,FALSE,4
190,32,355,359,TRUE,FALSE,4
191,19,224,229,TRUE,FALSE,5
192,25,159,161,TRUE,FALSE,2
193,45,178,184,TRUE,FALSE,6
194,37,329,331,TRUE,FALSE,2
195,24,300,304,TRUE,FALSE,4
196,21,97,100,TRUE,FALSE,3
197,37,284,286,TRUE,FALSE,2
198,8,7,11,TRUE,FALSE,4
199,39,289,289,TRUE,FALSE,0
200,17,286,287,TRUE,FALSE,1
201,33,250,254,TRUE,FALSE,4
202,44,158,164,TRUE,FALSE,6
203,44,59,61,TRUE,FALSE,2
204,26,141,143,TRUE,FALSE,2
205,47,242,243,TRUE,FALSE,1
206,32,223,227,TRUE,FALSE,4
207,35,296,298,TRUE,FALSE,2
208,29,29,32,TRUE,FALSE,3
209,36,127,131,TRUE,FALSE,4
210,33,282,283,TRUE,FALSE,1
211,31,130,134,TRUE,FALSE,4
212,40,133,136,TRUE,FALSE,3
213,46,49,49,TRUE,FALSE,0
214,26,61,67,TRUE,FALSE,6
215,23,106,106,TRUE,FALSE,0
216,33,279,281,TRUE,FALSE,2
217,33,167,172,TRUE,FALSE,5
218,10,104,109,TRUE,FALSE,5
219,49,107,109,TRUE,FALSE,2
220,21,265,268,TRUE,FALSE,3
221,11,8,14,TRUE,FALSE,6
222,43,222,221,TRUE,FALSE,-1
223,11,16,19,TRUE,FALSE,3
224,35,160,165,TRUE,FALSE,5
225,11,345,348,TRUE,FALSE,3
226,29,234,233,TRUE,FALSE,-1
227,13,285,290,TRUE,FALSE,5
228,19,36,38,TRUE,FALSE,2
229,12,11,15,TRUE,FALSE,4
230,3,27,29,TRUE,FALSE,2
231,9,254,256,TRUE,FALSE,2
232,19,159,161,TRUE,FALSE,2
233,1,57,59,TRUE,FALSE,2
234,4,271,270,TRUE,FALSE,-1
235,39,56,58,TRUE,FALSE,2
236,14,337,338,TRUE,FALSE,1
237,6,29,34,TRUE,FALSE,5
238,22,222,227,TRUE,FALSE,5
239,35,259,259,TRUE,FALSE,0
240,6,341,347,TRUE,FALSE,6
241,49,286,291,TRUE,FALSE,5
242,36,136,136,TRUE,FALSE,0
243,13,321,320,TRUE,FALSE,-1
244,35,89,88,TRUE,FALSE,-1
245,16,302,301,TRUE,FALSE,-1
246,50,184,185,TRUE,FALSE,1
247,26,203,206,TRUE,FALSE,3
248,12,270,275,TRUE,FALSE,5
249,8,63,63,TRUE,FALSE,0
250,38,145,147,TRUE,FALSE,2
251,10,30,30,TRUE,FALSE,0
252,17,304,305,TRUE,FALSE,1
253,6,85,88,TRUE,FALSE,3
254,9,29,29,TRUE,FALSE,0
255,38,24,26,TRUE,FALSE,2
256,13,53,53,TRUE,FALSE,0
257,34,359,365,TRUE,FALSE,6
258,7,153,158,TRUE,FALSE,5
259,8,8,9,TRUE,FALSE,1
260,50,77,80,TRUE,FALSE,3
261,18,148,154,TRUE,FALSE,6
262,22,10,12,TRUE,FALSE,2
263,18,71,75,TRUE,FALSE,4
264,32,205,209,TRUE,FALSE,4
265,34,206,210,TRUE,FALSE,4
266,2,55,59,TRUE,FALSE,4
267,6,363,364,TRUE,FALSE,1
268,31,127,129,TRUE,FALSE,2
269,5,62,63,TRUE,FALSE,1
270,39,246,247,TRUE,FALSE,1
271,39,253,254,TRUE,FALSE,1
272,9,285,285,TRUE,FALSE,0
273,40,226,226,TRUE,FALSE,0
274,19,350,349,TRUE,FALSE,-1
275,44,93,94,TRUE,FALSE,1
276,23,17,23,TRUE,FALSE,6
277,44,4,5,TRUE,FALSE,1
278,30,266,267,TRUE,FALSE,1
279,10,173,177,TRUE,FALSE,4
280,35,25,31,TRUE,FALSE,6
281,30,344,347,TRUE,FALSE,3
282,36,104,109,TRUE,FALSE,5
283,13,293,296,TRUE,FALSE,3
284,40,128,130,TRUE,FALSE,2
285,16,139,141,TRUE,FALSE,2
286,30,147,153,TRUE,FALSE,6
287,13,238,242,TRUE,FALSE,4
288,11,183,183,TRUE,FALSE,0
289,50,119,124,TRUE,FALSE,5
290,9,355,358,TRUE,FALSE,3
291,20,88,87,TRUE,FALSE,-1
292,5,162,166,TRUE,FALSE,4
293,42,192,194,TRUE,FALSE,2
294,20,354,358,TRUE,FALSE,4
295,38,186,190,TRUE,FALSE,4
296,5,58,62,TRUE,FALSE,4
297,21,341,346,TRUE,FALSE,5
298,17,244,244,TRUE,FALSE,0
299,44,358,360,TRUE,FALSE,2
300,22,329,330,TRUE,FALSE,1
301,7,110,114,TRUE,FALSE,4
302,49,44,49,TRUE,FALSE,5
303,25,331,331,TRUE,FALSE,0
304,17,56,57,TRUE,FALSE,1
305,31,259,264,TRUE,FALSE,5
306,49,281,280,TRUE,FALSE,-1
307,42,197,201,TRUE,FALSE,4
308,19,95,97,TRUE,FALSE,2
309,13,233,237,TRUE,TRUE,4
310,17,265,270,FALSE,FALSE,5
311,39,320,323,TRUE,TRUE,3
312,40,211,214,TRUE,FALSE,3
313,28,239,242,TRUE,FALSE,3
314,12,259,263,TRUE,FALSE,4
315,18,256,261,TRUE,FALSE,5
316,26,80,83,TRUE,FALSE,3
317,6,232,237,TRUE,FALSE,5
318,6,303,305,TRUE,FALSE,2
319,24,155,160,TRUE,FALSE,5
320,47,315,317,TRUE,FALSE,2
321,44,6,10,TRUE,FALSE,4
322,15,161,166,TRUE,FALSE,5
323,10,270,272,TRUE,FALSE,2
324,28,14,19,TRUE,FALSE,5
325,11,157,156,TRUE,FALSE,-1
326,44,361,361,TRUE,FALSE,0
327,49,281,286,TRUE,FALSE,5
328,6,48,47,TRUE,FALSE,-1
329,27,264,266,TRUE,FALSE,2
330,37,170,173,TRUE,FALSE,3
331,36,27,30,TRUE,FALSE,3
332,7,314,318,TRUE,FALSE,4
333,9,121,127,TRUE,TRUE,6
334,8,110,110,TRUE,FALSE,0
335,44,196,198,TRUE,FALSE,2
336,15,185,190,TRUE,FALSE,5
337,19,225,230,TRUE,FALSE,5
338,10,279,279,TRUE,FALSE,0
339,24,341,341,TRUE,FALSE,0
340,50,13,15,TRUE,TRUE,2
341,3,316,322,TRUE,FALSE,6
342,9,264,263,TRUE,FALSE,-1
343,5,241,245,TRUE,FALSE,4
344,40,194,196,TRUE,FALSE,2
345,2,114,114,TRUE,FALSE,0
346,30,164,164,TRUE,FALSE,0
347,16,363,367,TRUE,FALSE,4
348,24,260,264,TRUE,FALSE,4
349,9,261,266,TRUE,FALSE,5
350,35,186,192,TRUE,FALSE,6
351,49,363,367,TRUE,FALSE,4
352,26,26,32,TRUE,FALSE,6
353,4,274,277,TRUE,FALSE,3
354,49,17,16,TRUE,FALSE,-1
355,35,15,16,TRUE,FALSE,1
356,29,89,93,TRUE,FALSE,4
357,5,257,261,TRUE,FALSE,4
358,22,329,329,TRUE,FALSE,0
359,45,327,330,TRUE,FALSE,3
360,7,148,149,TRUE,FALSE,1
361,1,269,270,TRUE,FALSE,1
362,12,236,237,TRUE,FALSE,1
363,2,28,32,TRUE,FALSE,4
364,29,68,72,TRUE,FALSE,4
365,36,108,112,FALSE,FALSE,4
366,7,140,144,TRUE,FALSE,4
367,26,96,95,TRUE,FALSE,-1
368,4,142,146,TRUE,FALSE,4
369,37,27,28,TRUE,FALSE,1
370,46,152,158,TRUE,FALSE,6
371,43,179,180,TRUE,FALSE,1
372,3,337,338,TRUE,FALSE,1
373,12,111,111,TRUE,FALSE,0
374,14,41,41,TRUE,FALSE,0
375,49,294,295,TRUE,FALSE,1
376,27,318,323,TRUE,FALSE,5
377,4,24,23,TRUE,FALSE,-1
378,7,68,69,TRUE,FALSE,1
379,19,67,69,TRUE,FALSE,2
380,20,75,78,TRUE,FALSE,3
381,46,260,260,TRUE,FALSE,0
382,28,141,146,TRUE,FALSE,5
383,27,195,199,TRUE,FALSE,4
384,24,271,272,TRUE,FALSE,1
385,2,175,180,TRUE,FALSE,5
386,15,17,16,TRUE,FALSE,-1
387,21,268,273,TRUE,FALSE,5
388,18,52,56,TRUE,FALSE,4
389,9,312,314,TRUE,FALSE,2
390,48,80,79,TRUE,FALSE,-1
391,39,272,276,TRUE,FALSE,4
392,43,113,119,TRUE,FALSE,6
393,8,103,103,TRUE,FALSE,0
394,49,91,91,TRUE,FALSE,0
395,42,23,28,TRUE,FALSE,5
396,8,154,158,TRUE,FALSE,4
397,19,129,128,TRUE,FALSE,-1
398,43,144,146,TRUE,FALSE,2
399,5,350,349,TRUE,FALSE,-1
400,4,318,324,TRUE,FALSE,6
401,23,259,264,TRUE,FALSE,5
402,23,298,302,TRUE,FALSE,4
403,40,44,44,TRUE,FALSE,0
404,18,297,300,FALSE,FALSE,3
405,42,188,191,TRUE,FALSE,3
406,26,214,213,TRUE,FALSE,-1
407,4,233,233,TRUE,FALSE,0
408,16,259,261,TRUE,TRUE,2
409,4,175,177,TRUE,FALSE,2
410,48,229,230,TRUE,FALSE,1
411,15,212,218,TRUE,FALSE,6
412,31,74,79,TRUE,FALSE,5
413,30,52,57,TRUE,FALSE,5
414,9,144,149,TRUE,FALSE,5
415,12,222,223,TRUE,FALSE,1
416,33,303,305,TRUE,FALSE,2
417,44,91,94,TRUE,FALSE,3
418,38,339,342,TRUE,FALSE,3
419,46,219,224,TRUE,FALSE,5
420,17,270,276,TRUE,FALSE,6
421,40,344,344,TRUE,FALSE,0
422,7,141,142,TRUE,FALSE,1
423,26,180,181,TRUE,FALSE,1
424,48,68,69,TRUE,FALSE,1
425,15,211,216,TRUE,FALSE,5
426,30,183,184,TRUE,FALSE,1
427,23,16,17,TRUE,FALSE,1
428,30,310,310,TRUE,FALSE,0
429,32,352,357,TRUE,FALSE,5
430,48,187,188,TRUE,TRUE,1
431,7,237,241,TRUE,FALSE,4
432,26,88,94,TRUE,FALSE,6
433,12,5,8,TRUE,FALSE,3
434,24,351,354,TRUE,FALSE,3
435,7,295,300,TRUE,FALSE,5
436,38,58,63,TRUE,FALSE,5
437,10,280,283,TRUE,FALSE,3
438,35,169,172,TRUE,FALSE,3
439,24,130,131,TRUE,FALSE,1
440,39,31,32,TRUE,FALSE,1
441,13,32,31,TRUE,FALSE,-1
442,11,328,334,TRUE,FALSE,6
443,48,46,47,TRUE,FALSE,1
444,38,221,226,TRUE,FALSE,5
445,22,98,100,TRUE,FALSE,2
446,33,308,309,TRUE,FALSE,1
447,10,92,92,TRUE,TRUE,0
448,36,157,162,TRUE,FALSE,5
449,35,109,114,TRUE,FALSE,5
450,33,313,317,TRUE,FALSE,4
451,22,350,356,TRUE,FALSE,6
452,39,110,113,TRUE,FALSE,3
453,19,162,162,TRUE,FALSE,0
454,40,93,98,TRUE,FALSE,5
455,16,106,105,TRUE,FALSE,-1
456,3,94,94,TRUE,FALSE,0
457,8,148,152,TRUE,FALSE,4
458,14,125,128,TRUE,FALSE,3
459,30,326,329,TRUE,FALSE,3
460,18,322,328,TRUE,FALSE,6
461,23,121,122,TRUE,FALSE,1
462,11,221,221,TRUE,FALSE,0
463,40,260,259,TRUE,FALSE,-1
464,7,336,335,TRUE,FALSE,-1
465,34,203,205,TRUE,FALSE,2
466,46,130,132,TRUE,FALSE,2
467,28,43,45,TRUE,FALSE,2
468,32,160,162,TRUE,FALSE,2
469,32,13,15,TRUE,FALSE,2
470,22,110,116,TRUE,FALSE,6
471,46,286,286,TRUE,FALSE,0
472,2,341,341,TRUE,FALSE,0
473,8,54,53,TRUE,TRUE,-1
474,9,68,67,TRUE,FALSE,-1
475,20,154,157,TRUE,FALSE,3
476,47,93,93,TRUE,FALSE,0
477,24,242,247,TRUE,FALSE,5
478,12,39,42,FALSE,FALSE,3
479,26,110,115,TRUE,FALSE,5
480,25,304,303,TRUE,FALSE,-1
481,20,148,152,TRUE,FALSE,4
482,4,137,140,TRUE,FALSE,3
483,40,107,106,TRUE,FALSE,-1
484,18,344,344,TRUE,FALSE,0
485,24,143,144,TRUE,FALSE,1
486,8,294,295,TRUE,FALSE,1
487,34,53,58,TRUE,FALSE,5
488,27,273,274,TRUE,FALSE,1
489,33,8,13,TRUE,FALSE,5
490,10,59,60,TRUE,FALSE,1
491,22,190,191,TRUE,FALSE,1
492,15,261,263,TRUE,FALSE,2
493,45,36,41,TRUE,FALSE,5
494,13,9,10,TRUE,FALSE,1
495,5,123,127,TRUE,FALSE,4
496,37,236,237,TRUE,FALSE,1
497,15,170,170,TRUE,FALSE,0
498,16,298,300,TRUE,FALSE,2
499,50,333,335,TRUE,FALSE,2
500,37,313,313,TRUE,FALSE,0
501,44,92,91,TRUE,FALSE,-1
502,6,277,278,TRUE,FALSE,1
503,39,143,145,TRUE,FALSE,2
504,16,132,137,TRUE,FALSE,5
505,21,258,258,FALSE,FALSE,0
506,34,218,219,TRUE,FALSE,1
507,36,15,16,TRUE,FALSE,1
508,31,247,251,TRUE,FALSE,4
509,33,7,6,TRUE,FALSE,-1
510,9,190,190,TRUE,FALSE,0
511,39,356,356,TRUE,FALSE,0
512,13,306,307,TRUE,FALSE,1
513,11,171,175,TRUE,FALSE,4
514,10,123,128,TRUE,FALSE,5
515,15,37,38,TRUE,FALSE,1
516,10,168,174,TRUE,FALSE,6
517,14,272,278,TRUE,FALSE,6
518,47,52,51,TRUE,FALSE,-1
519,19,25,30,TRUE,FALSE,5
520,5,92,95,TRUE,FALSE,3
521,49,116,118,TRUE,FALSE,2
522,43,303,307,TRUE,FALSE,4
523,42,107,108,TRUE,FALSE,1
524,6,83,84,TRUE,FALSE,1
525,41,100,104,TRUE,FALSE,4
526,12,233,235,TRUE,FALSE,2
527,5,82,84,TRUE,TRUE,2
528,42,333,336,TRUE,TRUE,3
529,34,51,55,TRUE,FALSE,4
530,18,197,200,TRUE,FALSE,3
531,31,127,131,TRUE,FALSE,4
532,32,119,121,TRUE,FALSE,2
533,3,294,295,TRUE,FALSE,1
534,33,249,250,TRUE,FALSE,1
535,31,211,211,TRUE,FALSE,0
536,22,39,44,TRUE,FALSE,5
537,41,311,314,TRUE,FALSE,3
538,21,116,118,TRUE,FALSE,2
539,24,23,23,TRUE,FALSE,0
540,8,50,54,TRUE,FALSE,4
541,30,78,80,TRUE,FALSE,2
542,45,203,208,TRUE,FALSE,5
543,46,253,254,TRUE,FALSE,1
544,38,109,112,TRUE,FALSE,3
545,38,138,142,TRUE,TRUE,4
546,9,43,47,TRUE,FALSE,4
547,25,365,368,TRUE,FALSE,3
548,29,153,153,TRUE,FALSE,0
549,21,4,5,TRUE,FALSE,1
550,33,253,255,TRUE,FALSE,2
551,40,168,170,TRUE,FALSE,2
552,7,127,131,TRUE,FALSE,4
553,43,80,83,TRUE,FALSE,3
554,38,342,347,TRUE,FALSE,5
555,44,259,263,TRUE,FALSE,4
556,7,47,51,TRUE,FALSE,4
557,2,157,162,TRUE,FALSE,5
558,48,46,47,TRUE,FALSE,1
559,1,198,201,FALSE,FALSE,3
560,21,233,233,TRUE,FALSE,0
561,11,79,85,TRUE,FALSE,6
562,24,159,160,TRUE,FALSE,1
563,11,39,44,TRUE,FALSE,5
564,22,241,241,TRUE,FALSE,0
565,24,108,111,TRUE,FALSE,3
566,48,169,174,TRUE,FALSE,5
567,46,59,65,TRUE,TRUE,6
568,25,110,113,TRUE,FALSE,3
569,48,96,101,TRUE,FALSE,5
570,48,357,357,TRUE,FALSE,0
571,35,323,327,TRUE,TRUE,4
572,7,326,332,TRUE,FALSE,6
573,31,226,227,FALSE,FALSE,1
574,16,87,91,TRUE,FALSE,4
575,36,63,68,TRUE,FALSE,5
576,5,341,341,TRUE,FALSE,0
577,31,29,33,TRUE,FALSE,4
578,14,21,25,TRUE,FALSE,4
579,20,38,39,TRUE,FALSE,1
580,34,183,183,TRUE,FALSE,0
581,16,45,47,TRUE,FALSE,2
582,26,262,263,TRUE,FALSE,1
583,27,276,280,TRUE,FALSE,4
584,26,172,174,TRUE,TRUE,2
585,29,128,132,TRUE,FALSE,4
586,37,117,120,TRUE,FALSE,3
587,19,118,122,TRUE,FALSE,4
588,8,131,136,TRUE,FALSE,5
589,16,49,51,TRUE,FALSE,2
590,29,188,190,TRUE,FALSE,2
591,50,48,53,TRUE,FALSE,5
592,6,39,40,TRUE,FALSE,1
593,34,291,295,TRUE,FALSE,4
594,43,255,259,TRUE,FALSE,4
595,38,320,325,TRUE,FALSE,5
596,27,14,17,TRUE,FALSE,3
597,47,193,193,TRUE,FALSE,0
598,32,236,240,TRUE,FALSE,4
599,44,59,60,TRUE,FALSE,1
600,38,169,168,TRUE,FALSE,-1
601,40,359,363,TRUE,FALSE,4
602,26,111,114,TRUE,TRUE,3
603,12,93,98,TRUE,FALSE,5
604,18,266,266,TRUE,FALSE,0
605,14,246,248,TRUE,FALSE,2
606,21,293,297,TRUE,FALSE,4
607,10,271,271,TRUE,FALSE,0
608,20,142,144,TRUE,FALSE,2
609,34,344,349,TRUE,FALSE,5
610,16,54,60,TRUE,TRUE,6
611,3,227,232,TRUE,FALSE,5
612,41,28,29,TRUE,FALSE,1
613,11,212,214,TRUE,FALSE,2
614,16,3,4,TRUE,FALSE,1
615,15,115,114,TRUE,FALSE,-1
616,42,11,12,TRUE,FALSE,1
617,47,343,343,TRUE,TRUE,0
618,16,295,300,TRUE,FALSE,5
619,22,331,334,TRUE,FALSE,3
620,13,272,273,TRUE,FALSE,1
621,32,237,236,TRUE,FALSE,-1
622,4,358,358,TRUE,FALSE,0
623,44,349,349,TRUE,FALSE,0
624,40,52,55,TRUE,FALSE,3
625,44,335,337,TRUE,FALSE,2
626,27,223,228,TRUE,FALSE,5
627,18,37,36,TRUE,FALSE,-1
628,31,268,268,TRUE,FALSE,0
629,46,282,288,TRUE,FALSE,6
630,45,284,289,TRUE,FALSE,5
631,11,298,299,TRUE,FALSE,1
632,41,269,268,TRUE,FALSE,-1
633,24,168,167,TRUE,FALSE,-1
634,30,360,364,TRUE,FALSE,4
635,25,215,215,TRUE,FALSE,0
636,16,267,271,TRUE,FALSE,4
637,7,252,256,TRUE,FALSE,4
638,41,223,223,TRUE,FALSE,0
639,39,338,337,TRUE,FALSE,-1
640,8,191,192,TRUE,FALSE,1
641,19,126,128,TRUE,FALSE,2
642,36,362,365,TRUE,FALSE,3
643,49,261,264,TRUE,FALSE,3
644,33,16,15,TRUE,FALSE,-1
645,18,292,296,TRUE,FALSE,4
646,37,324,324,TRUE,FALSE,0
647,25,207,211,TRUE,FALSE,4
648,49,282,282,TRUE,FALSE,0
649,28,354,353,TRUE,FALSE,-1
650,48,85,86,TRUE,FALSE,1
651,39,327,327,TRUE,FALSE,0
652,41,323,324,TRUE,FALSE,1
653,37,310,312,TRUE,FALSE,2
654,6,317,322,TRUE,FALSE,5
655,17,294,294,TRUE,FALSE,0
656,39,197,198,TRUE,FALSE,1
657,4,93,96,TRUE,FALSE,3
658,31,232,234,TRUE,FALSE,2
659,3,345,346,TRUE,FALSE,1
660,7,19,21,TRUE,FALSE,2
661,16,94,94,TRUE,FALSE,0
662,31,186,188,TRUE,FALSE,2
663,45,309,311,TRUE,FALSE,2
664,27,138,140,TRUE,FALSE,2
665,44,301,307,TRUE,FALSE,6
666,45,297,296,TRUE,FALSE,-1
667,38,182,185,TRUE,FALSE,3
668,1,112,117,TRUE,FALSE,5
669,49,335,341,TRUE,FALSE,6
670,39,118,124,TRUE,FALSE,6
671,21,99,104,TRUE,FALSE,5
672,33,360,360,TRUE,FALSE,0
673,42,190,191,TRUE,FALSE,1
674,41,361,361,TRUE,FALSE,0
675,4,227,228,TRUE,FALSE,1
676,30,339,339,TRUE,FALSE,0
677,9,276,277,TRUE,FALSE,1
678,24,154,157,TRUE,FALSE,3
679,35,146,152,TRUE,FALSE,6
680,50,149,151,TRUE,TRUE,2
681,24,218,219,TRUE,FALSE,1
682,7,254,256,TRUE,FALSE,2
683,19,13,16,TRUE,FALSE,3
684,38,113,112,TRUE,FALSE,-1
685,16,160,162,TRUE,FALSE,2
686,21,2,8,TRUE,FALSE,6
687,24,95,100,TRUE,FALSE,5
688,14,274,277,TRUE,FALSE,3
689,2,44,50,TRUE,FALSE,6
690,13,265,269,TRUE,FALSE,4
691,27,201,201,TRUE,FALSE,0
692,45,206,209,TRUE,FALSE,3
693,24,339,338,TRUE,FALSE,-1
694,34,344,344,TRUE,FALSE,0
695,48,352,355,TRUE,FALSE,3
696,8,188,192,TRUE,FALSE,4
697,40,152,152,TRUE,FALSE,0
698,24,25,24,TRUE,FALSE,-1
699,1,219,221,TRUE,FALSE,2
700,19,167,172,TRUE,FALSE,5
701,22,314,318,TRUE,FALSE,4
702,22,113,114,TRUE,FALSE,1
703,16,160,161,TRUE,FALSE,1
704,15,5,6,TRUE,FALSE,1
705,3,237,239,TRUE,FALSE,2
706,29,288,288,TRUE,FALSE,0
707,42,365,371,TRUE,FALSE,6
708,10,74,77,TRUE,FALSE,3
709,40,315,315,TRUE,FALSE,0
710,34,332,337,TRUE,FALSE,5
711,50,292,292,TRUE,FALSE,0
712,10,173,177,TRUE,TRUE,4
713,8,293,294,TRUE,FALSE,1
714,17,25,31,TRUE,FALSE,6
715,30,118,118,TRUE,FALSE,0
716,14,321,320,TRUE,FALSE,-1
717,38,132,135,TRUE,FALSE,3
718,22,79,78,TRUE,TRUE,-1
719,32,323,328,TRUE,TRUE,5
720,12,295,300,TRUE,FALSE,5
721,10,239,245,TRUE,FALSE,6
722,16,329,328,TRUE,FALSE,-1
723,9,184,187,TRUE,FALSE,3
724,5,201,201,TRUE,FALSE,0
725,43,161,164,TRUE,FALSE,3
726,11,91,92,TRUE,FALSE,1
727,47,239,242,TRUE,FALSE,3
728,48,46,47,TRUE,FALSE,1
729,48,211,212,TRUE,FALSE,1
730,29,58,59,TRUE,FALSE,1
731,5,205,208,TRUE,FALSE,3
732,40,115,116,TRUE,FALSE,1
733,29,303,305,TRUE,FALSE,2
734,45,113,117,TRUE,FALSE,4
735,39,187,193,TRUE,FALSE,6
736,25,176,181,TRUE,FALSE,5
737,28,76,81,TRUE,FALSE,5
738,30,360,366,TRUE,FALSE,6
739,48,201,203,TRUE,FALSE,2
740,42,325,327,TRUE,FALSE,2
741,7,32,35,TRUE,FALSE,3
742,28,219,219,TRUE,FALSE,0
743,7,273,278,TRUE,FALSE,5
744,43,166,168,TRUE,FALSE,2
745,2,106,112,TRUE,FALSE,6
746,22,275,278,TRUE,FALSE,3
747,27,63,64,TRUE,FALSE,1
748,28,159,159,TRUE,FALSE,0
749,5,186,191,TRUE,FALSE,5
750,19,50,52,TRUE,FALSE,2
751,33,250,256,TRUE,FALSE,6
752,21,186,187,TRUE,FALSE,1
753,38,114,119,FALSE,FALSE,5
754,28,23,28,TRUE,FALSE,5
755,33,214,215,TRUE,FALSE,1
756,43,264,266,TRUE,FALSE,2
757,8,153,158,TRUE,FALSE,5
758,36,185,185,TRUE,FALSE,0
759,3,66,69,TRUE,FALSE,3
760,10,105,105,TRUE,TRUE,0
761,4,248,253,TRUE,FALSE,5
762,48,178,180,TRUE,FALSE,2
763,3,145,149,TRUE,FALSE,4
764,12,329,335,TRUE,FALSE,6
765,24,285,285,TRUE,FALSE,0
766,32,131,136,TRUE,FALSE,5
767,2,216,216,TRUE,FALSE,0
768,35,79,82,FALSE,FALSE,3
769,13,204,208,TRUE,FALSE,4
770,9,22,22,TRUE,FALSE,0
771,33,321,327,TRUE,FALSE,6
772,39,141,144,TRUE,FALSE,3
773,32,120,121,TRUE,FALSE,1
774,10,247,252,TRUE,FALSE,5
775,14,131,132,TRUE,FALSE,1
776,43,52,53,TRUE,FALSE,1
777,21,244,245,TRUE,FALSE,1
778,22,256,256,TRUE,FALSE,0
779,14,305,308,TRUE,FALSE,3
780,23,252,255,TRUE,FALSE,3
781,18,238,237,TRUE,FALSE,-1
782,3,88,88,TRUE,FALSE,0
783,44,296,295,TRUE,FALSE,-1
784,16,310,312,TRUE,FALSE,2
785,25,213,215,TRUE,FALSE,2
786,33,27,32,TRUE,FALSE,5
787,24,271,277,TRUE,FALSE,6
788,24,70,74,TRUE,FALSE,4
789,1,346,350,TRUE,FALSE,4
790,7,295,297,TRUE,FALSE,2
791,32,312,317,TRUE,FALSE,5
792,43,245,245,TRUE,FALSE,0
793,34,147,153,TRUE,FALSE,6
794,42,220,222,TRUE,FALSE,2
795,25,7,9,TRUE,FALSE,2
796,50,59,59,TRUE,FALSE,0
797,29,128,129,TRUE,FALSE,1
798,42,343,347,TRUE,FALSE,4
799,14,226,229,TRUE,FALSE,3
800,28,201,201,TRUE,FALSE,0
801,16,293,297,TRUE,FALSE,4
802,32,212,212,TRUE,FALSE,0
803,13,215,217,TRUE,TRUE,2
804,27,204,208,TRUE,FALSE,4
805,42,17,19,TRUE,FALSE,2
806,43,176,178,TRUE,FALSE,2
807,35,98,103,TRUE,FALSE,5
808,2,98,99,TRUE,FALSE,1
809,29,301,304,TRUE,FALSE,3
810,27,237,242,TRUE,FALSE,5
811,23,30,34,FALSE,FALSE,4
812,42,142,146,TRUE,FALSE,4
813,5,228,232,TRUE,FALSE,4
814,14,47,51,TRUE,FALSE,4
815,21,187,193,TRUE,FALSE,6
816,28,254,258,TRUE,FALSE,4
817,47,346,351,TRUE,FALSE,5
818,14,27,27,TRUE,FALSE,0
819,47,122,124,TRUE,FALSE,2
820,7,242,244,TRUE,FALSE,2
821,20,120,119,TRUE,FALSE,-1
822,7,224,225,TRUE,TRUE,1
823,3,201,206,TRUE,FALSE,5
824,7,102,102,TRUE,FALSE,0
825,33,99,102,TRUE,FALSE,3
826,32,210,215,TRUE,FALSE,5
827,30,12,18,TRUE,TRUE,6
828,3,87,87,TRUE,FALSE,0
829,21,66,72,TRUE,FALSE,6
830,18,150,152,TRUE,FALSE,2
831,40,167,169,TRUE,FALSE,2
832,2,45,50,TRUE,FALSE,5
833,43,316,322,TRUE,FALSE,6
834,24,238,243,TRUE,FALSE,5
835,43,242,241,TRUE,FALSE,-1
836,27,27,30,TRUE,FALSE,3
837,7,52,54,TRUE,FALSE,2
838,8,362,368,TRUE,FALSE,6
839,24,104,105,TRUE,FALSE,1
840,47,132,132,TRUE,FALSE,0
841,33,224,227,TRUE,FALSE,3
842,25,239,241,TRUE,FALSE,2
843,26,43,46,TRUE,FALSE,3
844,19,256,257,TRUE,FALSE,1
845,5,283,285,TRUE,TRUE,2
846,6,28,33,TRUE,FALSE,5
847,20,127,132,TRUE,FALSE,5
848,5,264,265,TRUE,FALSE,1
849,49,42,45,TRUE,TRUE,3
850,29,18,22,TRUE,FALSE,4
851,27,225,226,TRUE,FALSE,1
852,40,332,333,TRUE,FALSE,1
853,23,32,37,TRUE,FALSE,5
854,48,130,135,TRUE,FALSE,5
855,33,174,174,TRUE,FALSE,0
856,19,163,168,TRUE,FALSE,5
857,46,160,161,TRUE,FALSE,1
858,35,229,232,TRUE,FALSE,3
859,8,287,288,TRUE,FALSE,1
860,41,361,362,TRUE,FALSE,1
861,32,179,178,TRUE,FALSE,-1
862,41,240,243,TRUE,FALSE,3
863,6,79,79,TRUE,FALSE,0
864,44,342,342,TRUE,FALSE,0
865,3,309,308,TRUE,FALSE,-1
866,5,220,224,TRUE,FALSE,4
867,21,21,21,TRUE,FALSE,0
868,43,361,364,TRUE,FALSE,3
869,32,25,28,TRUE,FALSE,3
870,19,203,207,TRUE,FALSE,4
871,29,99,99,TRUE,FALSE,0
872,17,317,323,TRUE,FALSE,6
873,28,272,277,TRUE,FALSE,5
874,36,305,304,TRUE,FALSE,-1
875,24,275,280,TRUE,FALSE,5
876,13,317,317,TRUE,FALSE,0
877,19,234,240,TRUE,FALSE,6
878,18,298,301,TRUE,FALSE,3
879,34,230,234,TRUE,FALSE,4
880,35,218,224,TRUE,FALSE,6
881,37,173,178,TRUE,FALSE,5
882,28,241,244,TRUE,FALSE,3
883,1,171,177,TRUE,FALSE,6
884,25,177,177,TRUE,FALSE,0
885,46,78,83,TRUE,FALSE,5
886,2,104,105,TRUE,FALSE,1
887,6,69,69,TRUE,FALSE,0
888,32,29,29,TRUE,FALSE,0
889,32,259,263,TRUE,FALSE,4
890,3,10,14,TRUE,FALSE,4
891,20,242,245,TRUE,FALSE,3
892,4,280,279,TRUE,FALSE,-1
893,30,319,318,TRUE,FALSE,-1
894,34,9,12,TRUE,FALSE,3
895,14,307,311,TRUE,FALSE,4
896,27,246,251,TRUE,FALSE,5
897,13,224,225,TRUE,FALSE,1
898,39,342,342,TRUE,FALSE,0
899,11,211,216,TRUE,FALSE,5
900,19,215,215,TRUE,FALSE,0
901,26,84,87,TRUE,FALSE,3
902,8,313,313,TRUE,FALSE,0
903,19,108,107,TRUE,FALSE,-1
904,29,191,193,TRUE,FALSE,2
905,26,346,348,TRUE,FALSE,2
906,40,141,144,TRUE,FALSE,3
907,12,306,311,TRUE,FALSE,5
908,32,42,43,TRUE,FALSE,1
909,45,326,327,TRUE,FALSE,1
910,50,215,215,TRUE,FALSE,0
911,18,49,54,TRUE,FALSE,5
912,31,144,147,TRUE,FALSE,3
913,23,302,302,TRUE,FALSE,0
914,39,112,117,TRUE,FALSE,5
915,23,141,146,TRUE,FALSE,5
916,22,248,249,TRUE,FALSE,1
917,37,243,244,TRUE,FALSE,1
918,19,211,211,TRUE,FALSE,0
919,28,315,316,TRUE,FALSE,1
920,44,51,53,TRUE,FALSE,2
921,5,306,309,TRUE,FALSE,3
922,20,78,81,TRUE,FALSE,3
923,31,234,237,TRUE,FALSE,3
924,41,165,169,TRUE,FALSE,4
925,17,137,139,TRUE,FALSE,2
926,15,170,173,TRUE,FALSE,3
927,14,338,343,TRUE,FALSE,5
928,3,85,87,TRUE,FALSE,2
929,25,236,236,TRUE,TRUE,0
930,24,195,201,TRUE,FALSE,6
931,2,356,361,TRUE,FALSE,5
932,11,174,175,TRUE,FALSE,1
933,6,212,211,TRUE,FALSE,-1
934,49,56,62,TRUE,FALSE,6
935,7,3,5,TRUE,FALSE,2
936,38,354,355,TRUE,FALSE,1
937,23,137,137,TRUE,FALSE,0
938,24,305,305,TRUE,FALSE,0
939,6,336,337,TRUE,FALSE,1
940,10,287,289,TRUE,FALSE,2
941,36,192,196,TRUE,FALSE,4
942,24,152,153,TRUE,FALSE,1
943,4,19,23,TRUE,FALSE,4
944,46,107,112,TRUE,TRUE,5
945,8,132,132,TRUE,FALSE,0
946,2,165,168,TRUE,FALSE,3
947,41,262,264,TRUE,FALSE,2
948,7,267,270,TRUE,FALSE,3
949,40,45,44,TRUE,TRUE,-1
950,2,252,255,TRUE,FALSE,3
951,7,290,293,TRUE,FALSE,3
952,46,150,155,TRUE,FALSE,5
953,11,17,23,TRUE,FALSE,6
954,36,67,67,TRUE,FALSE,0
955,21,27,27,TRUE,FALSE,0
956,9,258,260,TRUE,FALSE,2
957,9,293,294,TRUE,FALSE,1
958,11,350,353,TRUE,FALSE,3
959,49,294,297,TRUE,FALSE,3
960,40,202,208,TRUE,FALSE,6
961,5,48,50,TRUE,FALSE,2
962,12,31,31,TRUE,FALSE,0
963,10,112,114,TRUE,FALSE,2
964,14,327,332,TRUE,FALSE,5
965,3,191,191,TRUE,FALSE,0
966,47,273,275,TRUE,FALSE,2
967,1,110,112,TRUE,FALSE,2
968,10,224,226,TRUE,FALSE,2
969,46,96,98,TRUE,FALSE,2
970,36,205,209,TRUE,FALSE,4
971,47,67,71,TRUE,FALSE,4
972,2,274,273,TRUE,FALSE,-1
973,6,108,108,TRUE,FALSE,0
974,15,239,240,TRUE,FALSE,1
975,21,70,69,TRUE,FALSE,-1
976,16,184,189,TRUE,FALSE,5
977,6,311,316,TRUE,FALSE,5
978,49,73,79,TRUE,FALSE,6
979,14,53,53,TRUE,FALSE,0
980,5,109,110,TRUE,FALSE,1
981,5,361,363,TRUE,FALSE,2
982,48,350,349,TRUE,FALSE,-1
983,43,67,72,TRUE,FALSE,5
984,9,171,177,TRUE,TRUE,6
985,33,296,301,TRUE,FALSE,5
986,35,46,46,TRUE,FALSE,0
987,34,278,282,TRUE,FALSE,4
988,7,189,194,TRUE,FALSE,5
989,43,102,107,TRUE,FALSE,5
990,3,68,69,TRUE,FALSE,1
991,28,323,324,TRUE,FALSE,1
992,11,241,242,TRUE,FALSE,1
993,29,114,119,TRUE,TRUE,5
994,49,294,295,TRUE,FALSE,1
995,13,206,209,TRUE,FALSE,3
996,14,123,125,TRUE,FALSE,2
997,19,8,13,TRUE,FALSE,5
998,41,263,264,TRUE,FALSE,1
999,20,69,71,TRUE,FALSE,2
1000,40,278,279,TRUE,FALSE,1
1001,27,306,306,TRUE,FALSE,0
1002,30,195,198,TRUE,FALSE,3
1003,7,220,225,TRUE,FALSE,5
1004,24,19,23,TRUE,FALSE,4
1005,21,148,153,TRUE,FALSE,5
1006,8,286,288,FALSE,FALSE,2
1007,26,162,164,TRUE,FALSE,2
1008,24,163,168,TRUE,FALSE,5
1009,11,53,57,TRUE,FALSE,4
1010,37,37,41,TRUE,FALSE,4
1011,20,153,156,TRUE,FALSE,3
1012,30,59,64,TRUE,FALSE,5
1013,8,233,235,TRUE,FALSE,2
1014,24,163,166,TRUE,FALSE,3
1015,21,55,59,TRUE,FALSE,4
1016,41,340,341,TRUE,FALSE,1
1017,15,326,330,TRUE,FALSE,4
1018,14,111,111,TRUE,FALSE,0
1019,39,81,85,TRUE,TRUE,4
1020,13,350,351,TRUE,FALSE,1
1021,12,26,31,TRUE,FALSE,5
1022,39,160,160,TRUE,TRUE,0
1023,27,77,79,TRUE,FALSE,2
1024,7,354,354,TRUE,FALSE,0
1025,36,25,28,TRUE,FALSE,3
1026,41,131,134,TRUE,FALSE,3
1027,5,185,190,TRUE,FALSE,5
1028,40,133,133,TRUE,FALSE,0
1029,30,361,365,TRUE,TRUE,4
1030,47,328,330,TRUE,FALSE,2
1031,7,348,353,TRUE,FALSE,5
1032,33,356,362,TRUE,TRUE,6
1033,48,173,173,TRUE,FALSE,0
1034,3,126,132,TRUE,FALSE,6
1035,13,141,145,TRUE,FALSE,4
1036,28,293,295,TRUE,FALSE,2
1037,2,162,166,TRUE,FALSE,4
1038,13,162,165,TRUE,FALSE,3
1039,7,171,174,TRUE,FALSE,3
1040,29,63,64,TRUE,FALSE,1
1041,24,322,321,TRUE,FALSE,-1
1042,29,88,89,TRUE,FALSE,1
1043,41,127,130,TRUE,FALSE,3
1044,16,67,69,TRUE,FALSE,2
1045,41,334,333,TRUE,FALSE,-1
1046,33,22,26,TRUE,FALSE,4
1047,39,359,360,TRUE,FALSE,1
1048,38,351,353,TRUE,FALSE,2
1049,32,230,232,TRUE,FALSE,2
1050,31,71,71,TRUE,FALSE,0
1051,34,95,95,TRUE,FALSE,0
1052,15,82,88,TRUE,FALSE,6
1053,16,235,240,TRUE,FALSE,5
1054,21,281,284,TRUE,FALSE,3
1055,19,109,112,TRUE,FALSE,3
1056,23,311,312,TRUE,TRUE,1
1057,24,285,288,TRUE,FALSE,3
1058,23,26,27,FALSE,FALSE,1
1059,12,291,295,TRUE,FALSE,4
1060,24,254,255,TRUE,FALSE,1
1061,27,327,327,TRUE,FALSE,0
1062,44,36,37,TRUE,FALSE,1
1063,39,194,194,TRUE,FALSE,0
1064,37,253,256,TRUE,FALSE,3
1065,8,35,41,TRUE,FALSE,6
1066,17,163,166,TRUE,FALSE,3
1067,40,231,230,TRUE,FALSE,-1
1068,36,126,132,TRUE,FALSE,6
1069,3,212,214,TRUE,FALSE,2
1070,40,264,269,TRUE,FALSE,5
1071,28,243,249,TRUE,FALSE,6
1072,34,24,24,TRUE,FALSE,0
1073,39,164,169,TRUE,FALSE,5
1074,23,200,202,TRUE,FALSE,2
1075,22,12,18,TRUE,FALSE,6
1076,6,194,195,TRUE,FALSE,1
1077,33,327,329,TRUE,FALSE,2
1078,41,324,327,TRUE,FALSE,3
1079,22,248,253,TRUE,FALSE,5
1080,15,363,366,TRUE,FALSE,3
1081,27,166,171,TRUE,FALSE,5
1082,47,314,314,TRUE,FALSE,0
1083,18,275,278,TRUE,FALSE,3
1084,28,327,332,TRUE,FALSE,5
1085,21,354,357,TRUE,FALSE,3
1086,39,160,161,TRUE,FALSE,1
1087,17,84,85,TRUE,FALSE,1
1088,34,156,157,TRUE,FALSE,1
1089,40,151,156,TRUE,FALSE,5
1090,31,137,136,TRUE,FALSE,-1
1091,9,127,132,TRUE,FALSE,5
1092,43,204,208,TRUE,TRUE,4
1093,10,241,245,TRUE,FALSE,4
1094,22,214,219,TRUE,FALSE,5
1095,30,60,62,TRUE,FALSE,2
1096,24,39,40,TRUE,FALSE,1
1097,20,308,308,TRUE,FALSE,0
1098,28,246,248,TRUE,FALSE,2
1099,37,95,100,FALSE,FALSE,5
1100,23,232,232,TRUE,TRUE,0
1101,19,362,366,TRUE,FALSE,4
1102,37,256,257,TRUE,FALSE,1
1103,19,135,136,TRUE,FALSE,1
1104,5,276,281,TRUE,FALSE,5
1105,44,80,82,TRUE,FALSE,2
1106,12,136,138,TRUE,FALSE,2
1107,17,127,128,TRUE,FALSE,1
1108,23,47,50,TRUE,FALSE,3
1109,11,320,326,TRUE,FALSE,6
1110,43,294,296,TRUE,FALSE,2
1111,6,254,259,TRUE,FALSE,5
1112,38,272,276,TRUE,FALSE,4
1113,47,251,257,TRUE,FALSE,6
1114,4,218,218,TRUE,FALSE,0
1115,10,258,260,TRUE,FALSE,2
1116,5,174,180,TRUE,FALSE,6
1117,10,40,46,TRUE,FALSE,6
1118,6,201,205,TRUE,FALSE,4
1119,32,349,353,TRUE,FALSE,4
1120,27,231,231,TRUE,FALSE,0
1121,14,314,320,TRUE,FALSE,6
1122,33,181,182,TRUE,TRUE,1
1123,6,340,340,TRUE,FALSE,0
1124,32,95,96,TRUE,FALSE,1
1125,37,284,285,TRUE,FALSE,1
1126,24,297,302,TRUE,FALSE,5
1127,15,102,101,TRUE,FALSE,-1
1128,16,95,95,TRUE,FALSE,0
1129,26,356,361,TRUE,FALSE,5
1130,8,366,370,TRUE,FALSE,4
1131,8,67,66,TRUE,FALSE,-1
1132,16,332,335,TRUE,FALSE,3
1133,45,206,210,TRUE,FALSE,4
1134,4,88,90,TRUE,FALSE,2
1135,40,111,113,TRUE,FALSE,2
1136,26,112,118,FALSE,FALSE,6
1137,3,4,8,TRUE,FALSE,4
1138,29,113,118,TRUE,FALSE,5
1139,40,249,254,TRUE,FALSE,5
1140,21,138,140,TRUE,FALSE,2
1141,48,231,234,TRUE,FALSE,3
1142,14,123,128,TRUE,FALSE,5
1143,1,354,358,TRUE,FALSE,4
1144,12,161,163,TRUE,FALSE,2
1145,44,206,209,TRUE,FALSE,3
1146,32,294,294,TRUE,FALSE,0
1147,25,198,199,TRUE,FALSE,1
1148,40,55,60,TRUE,FALSE,5
1149,13,3,6,TRUE,FALSE,3
1150,18,358,363,TRUE,TRUE,5
1151,16,328,329,TRUE,FALSE,1
1152,28,188,189,TRUE,FALSE,1
1153,49,197,199,TRUE,FALSE,2
1154,32,149,155,TRUE,FALSE,6
1155,37,17,22,TRUE,FALSE,5
1156,7,11,11,TRUE,FALSE,0
1157,44,247,251,TRUE,FALSE,4
1158,48,147,153,TRUE,FALSE,6
1159,12,234,234,TRUE,FALSE,0
1160,17,160,162,TRUE,FALSE,2
1161,8,8,11,TRUE,FALSE,3
1162,14,199,203,TRUE,FALSE,4
1163,37,265,270,TRUE,FALSE,5
1164,31,206,206,TRUE,FALSE,0
1165,9,300,303,TRUE,TRUE,3
1166,25,9,13,TRUE,FALSE,4
1167,5,106,111,TRUE,FALSE,5
1168,19,235,234,TRUE,TRUE,-1
1169,29,295,301,TRUE,FALSE,6
1170,37,96,99,TRUE,FALSE,3
1171,11,336,342,TRUE,FALSE,6
1172,37,40,41,TRUE,FALSE,1
1173,21,334,334,TRUE,FALSE,0
1174,22,275,277,TRUE,FALSE,2
1175,41,68,73,TRUE,FALSE,5
1176,30,118,122,TRUE,FALSE,4
1177,45,187,193,TRUE,FALSE,6
1178,34,50,55,TRUE,FALSE,5
1179,38,242,247,TRUE,FALSE,5
1180,19,300,299,TRUE,FALSE,-1
1181,14,207,208,TRUE,FALSE,1
1182,9,198,202,TRUE,FALSE,4
1183,33,279,282,TRUE,FALSE,3
1184,32,292,296,TRUE,FALSE,4
1185,26,90,93,TRUE,FALSE,3
1186,29,9,12,TRUE,FALSE,3
1187,27,9,9,TRUE,FALSE,0
1188,39,38,37,TRUE,FALSE,-1
1189,10,133,133,TRUE,FALSE,0
1190,43,129,131,TRUE,TRUE,2
1191,38,268,272,TRUE,FALSE,4
1192,13,282,286,TRUE,FALSE,4
1193,37,73,75,TRUE,FALSE,2
1194,45,303,303,TRUE,FALSE,0
1195,5,111,110,TRUE,FALSE,-1
1196,38,118,121,TRUE,FALSE,3
1197,10,43,43,TRUE,FALSE,0
1198,4,309,309,TRUE,FALSE,0
1199,22,70,71,TRUE,FALSE,1
1200,2,88,88,TRUE,FALSE,0
1201,3,266,270,TRUE,FALSE,4
1202,44,280,282,TRUE,FALSE,2
1203,30,249,253,TRUE,FALSE,4
1204,11,294,298,TRUE,FALSE,4
1205,23,73,77,TRUE,TRUE,4
1206,21,152,156,TRUE,FALSE,4
1207,21,109,109,TRUE,FALSE,0
1208,6,139,139,TRUE,FALSE,0
1209,48,256,260,TRUE,FALSE,4
1210,12,315,316,TRUE,FALSE,1
1211,21,83,86,TRUE,FALSE,3
1212,29,139,145,TRUE,FALSE,6
1213,44,347,347,TRUE,FALSE,0
1214,43,144,144,TRUE,FALSE,0
1215,45,231,237,TRUE,FALSE,6
1216,21,251,252,TRUE,FALSE,1
1217,25,84,83,TRUE,FALSE,-1
1218,46,238,237,TRUE,FALSE,-1
1219,5,143,146,TRUE,FALSE,3
1220,41,25,24,TRUE,FALSE,-1
1221,25,109,111,TRUE,FALSE,2
1222,36,198,197,TRUE,FALSE,-1
1223,5,152,154,TRUE,FALSE,2
1224,12,40,43,TRUE,FALSE,3
1225,11,25,27,TRUE,FALSE,2
1226,3,106,109,TRUE,FALSE,3
1227,6,126,126,TRUE,FALSE,0
1228,45,230,229,TRUE,FALSE,-1
1229,15,28,33,TRUE,FALSE,5
1230,6,55,59,TRUE,FALSE,4
1231,35,49,53,TRUE,FALSE,4
1232,21,14,19,TRUE,FALSE,5
1233,9,92,95,TRUE,FALSE,3
1234,34,206,209,TRUE,FALSE,3
1235,34,292,295,TRUE,FALSE,3
1236,23,18,20,TRUE,FALSE,2
1237,40,256,259,TRUE,FALSE,3
1238,46,143,147,TRUE,FALSE,4
1239,31,102,102,TRUE,FALSE,0
1240,23,129,133,TRUE,FALSE,4
1241,46,294,299,TRUE,FALSE,5
1242,47,190,195,TRUE,FALSE,5
1243,24,79,84,TRUE,FALSE,5
1244,14,84,87,TRUE,FALSE,3
1245,14,58,62,TRUE,FALSE,4
1246,50,262,266,TRUE,FALSE,4
1247,47,103,103,TRUE,FALSE,0
1248,44,333,333,TRUE,TRUE,0
1249,16,204,210,TRUE,FALSE,6
1250,3,246,251,TRUE,FALSE,5
1251,9,175,176,TRUE,FALSE,1
1252,39,162,163,TRUE,FALSE,1
1253,9,183,183,TRUE,FALSE,0
1254,39,160,160,TRUE,FALSE,0
1255,18,291,295,TRUE,FALSE,4
1256,2,51,53,TRUE,FALSE,2
1257,16,156,160,TRUE,TRUE,4
1258,25,13,12,TRUE,FALSE,-1
1259,29,167,171,TRUE,TRUE,4
1260,11,107,109,TRUE,FALSE,2
1261,31,100,103,TRUE,FALSE,3
1262,3,301,301,TRUE,FALSE,0
1263,50,345,348,TRUE,FALSE,3
1264,39,232,233,TRUE,FALSE,1
1265,5,248,251,FALSE,FALSE,3
1266,12,157,161,TRUE,FALSE,4
1267,47,25,27,TRUE,FALSE,2
1268,15,92,92,TRUE,FALSE,0
1269,37,221,220,TRUE,FALSE,-1
1270,21,108,110,TRUE,FALSE,2
1271,44,60,63,TRUE,FALSE,3
1272,39,353,356,TRUE,FALSE,3
1273,25,16,17,TRUE,FALSE,1
1274,9,291,292,TRUE,FALSE,1
1275,15,266,267,TRUE,FALSE,1
1276,6,24,29,TRUE,FALSE,5
1277,14,306,305,TRUE,FALSE,-1
1278,13,223,227,TRUE,FALSE,4
1279,17,280,283,TRUE,FALSE,3
1280,26,17,22,TRUE,FALSE,5
1281,37,257,256,TRUE,FALSE,-1
1282,4,187,189,TRUE,FALSE,2
1283,20,102,107,TRUE,FALSE,5
1284,38,189,190,TRUE,FALSE,1
1285,9,347,347,TRUE,FALSE,0
1286,13,32,33,TRUE,FALSE,1
1287,23,142,148,TRUE,FALSE,6
1288,37,276,281,TRUE,FALSE,5
1289,33,178,179,TRUE,FALSE,1
1290,40,314,317,TRUE,FALSE,3
1291,5,312,316,TRUE,FALSE,4
1292,8,142,142,TRUE,FALSE,0
1293,6,69,74,TRUE,FALSE,5
1294,44,85,87,TRUE,FALSE,2
1295,25,316,315,TRUE,FALSE,-1
1296,45,264,266,TRUE,FALSE,2
1297,25,314,315,TRUE,FALSE,1
1298,39,82,86,TRUE,FALSE,4
1299,7,79,80,TRUE,FALSE,1
1300,35,220,220,TRUE,FALSE,0
1301,40,214,214,FALSE,FALSE,0
1302,2,148,147,TRUE,FALSE,-1
1303,9,106,108,TRUE,FALSE,2
1304,42,159,163,TRUE,FALSE,4
1305,32,171,175,TRUE,FALSE,4
1306,9,239,244,TRUE,FALSE,5
1307,3,188,192,TRUE,FALSE,4
1308,24,323,325,TRUE,FALSE,2
1309,40,124,124,TRUE,FALSE,0
1310,45,103,107,TRUE,TRUE,4
1311,21,92,92,TRUE,FALSE,0
1312,9,22,25,TRUE,FALSE,3
1313,32,139,140,TRUE,FALSE,1
1314,9,296,299,TRUE,FALSE,3
1315,20,207,208,TRUE,FALSE,1
1316,22,159,161,TRUE,FALSE,2
1317,28,74,74,TRUE,FALSE,0
1318,16,119,119,TRUE,FALSE,0
1319,37,178,183,TRUE,FALSE,5
1320,10,243,244,TRUE,FALSE,1
1321,29,99,100,TRUE,FALSE,1
1322,8,179,184,TRUE,FALSE,5
1323,29,13,14,TRUE,FALSE,1
1324,23,151,155,TRUE,FALSE,4
1325,34,137,141,TRUE,TRUE,4
1326,9,189,195,TRUE,FALSE,6
1327,49,182,183,TRUE,TRUE,1
1328,43,273,275,TRUE,FALSE,2
1329,28,56,60,TRUE,FALSE,4
1330,26,86,90,TRUE,FALSE,4
1331,16,51,56,TRUE,FALSE,5
1332,8,104,108,TRUE,FALSE,4
1333,17,199,202,TRUE,FALSE,3
1334,48,364,366,TRUE,FALSE,2
1335,23,304,308,TRUE,FALSE,4
1336,26,69,75,TRUE,FALSE,6
1337,34,176,181,TRUE,FALSE,5
1338,4,262,266,TRUE,FALSE,4
1339,30,289,288,TRUE,FALSE,-1
1340,19,102,106,TRUE,TRUE,4
1341,30,12,13,TRUE,FALSE,1
1342,12,160,162,TRUE,FALSE,2
1343,46,32,38,TRUE,FALSE,6
1344,27,43,47,TRUE,FALSE,4
1345,49,239,244,TRUE,FALSE,5
1346,36,324,329,TRUE,FALSE,5
1347,41,89,93,TRUE,FALSE,4
1348,27,195,201,TRUE,FALSE,6
1349,32,94,94,TRUE,FALSE,0
1350,39,102,106,TRUE,FALSE,4
1351,24,304,306,TRUE,FALSE,2
1352,28,103,109,TRUE,FALSE,6
1353,38,97,99,TRUE,FALSE,2
1354,49,39,39,TRUE,FALSE,0
1355,21,253,256,TRUE,FALSE,3
1356,26,250,253,TRUE,TRUE,3
1357,42,334,335,TRUE,FALSE,1
1358,22,47,52,TRUE,FALSE,5
1359,26,7,8,TRUE,TRUE,1
1360,49,314,314,TRUE,FALSE,0
1361,40,242,242,TRUE,FALSE,0
1362,2,269,270,TRUE,FALSE,1
1363,8,148,153,TRUE,FALSE,5
1364,38,344,345,TRUE,FALSE,1
1365,43,226,230,TRUE,FALSE,4
1366,12,352,358,TRUE,FALSE,6
1367,40,203,203,TRUE,FALSE,0
1368,48,322,327,TRUE,FALSE,5
1369,43,233,238,TRUE,FALSE,5
1370,18,331,334,TRUE,FALSE,3
1371,31,102,103,TRUE,FALSE,1
1372,22,346,351,TRUE,FALSE,5
1373,28,322,328,TRUE,FALSE,6
1374,39,353,353,TRUE,FALSE,0
1375,9,48,48,TRUE,FALSE,0
1376,36,236,239,TRUE,FALSE,3
1377,41,101,100,TRUE,FALSE,-1
1378,4,157,162,TRUE,FALSE,5
1379,10,351,353,TRUE,FALSE,2
1380,35,341,346,TRUE,FALSE,5
1381,12,255,255,TRUE,FALSE,0
1382,47,25,27,TRUE,FALSE,2
1383,33,176,177,TRUE,FALSE,1
1384,33,297,299,TRUE,FALSE,2
1385,3,123,125,TRUE,FALSE,2
1386,33,36,42,TRUE,FALSE,6
1387,14,330,335,TRUE,FALSE,5
1388,4,356,361,TRUE,FALSE,5
1389,31,36,41,TRUE,FALSE,5
1390,12,224,226,TRUE,FALSE,2
1391,43,230,232,TRUE,FALSE,2
1392,39,33,33,TRUE,FALSE,0
1393,28,252,254,TRUE,FALSE,2
1394,28,299,305,TRUE,FALSE,6
1395,4,354,356,TRUE,FALSE,2
1396,20,139,141,TRUE,FALSE,2
1397,38,155,156,TRUE,FALSE,1
1398,4,242,242,TRUE,FALSE,0
1399,4,309,311,TRUE,FALSE,2
1400,45,232,237,TRUE,FALSE,5
1401,22,240,242,TRUE,FALSE,2
1402,32,121,126,TRUE,FALSE,5
1403,32,187,187,TRUE,FALSE,0
1404,15,174,174,FALSE,FALSE,0
1405,13,88,90,TRUE,FALSE,2
1406,23,308,308,TRUE,FALSE,0
1407,27,128,131,TRUE,FALSE,3
1408,14,231,234,TRUE,FALSE,3
1409,37,103,103,TRUE,FALSE,0
1410,1,162,166,FALSE,FALSE,4
1411,37,359,360,TRUE,FALSE,1
1412,47,137,137,TRUE,FALSE,0
1413,48,22,26,TRUE,FALSE,4
1414,5,294,297,TRUE,FALSE,3
1415,20,350,354,TRUE,FALSE,4
1416,41,239,238,TRUE,FALSE,-1
1417,28,324,327,TRUE,FALSE,3
1418,42,24,30,TRUE,FALSE,6
1419,13,195,196,TRUE,FALSE,1
1420,18,159,163,TRUE,FALSE,4
1421,8,133,134,TRUE,FALSE,1
1422,9,244,245,TRUE,FALSE,1
1423,29,92,97,TRUE,FALSE,5
1424,26,281,286,TRUE,FALSE,5
1425,39,169,168,TRUE,TRUE,-1
1426,47,164,168,TRUE,FALSE,4
1427,6,62,67,TRUE,FALSE,5
1428,19,196,199,TRUE,FALSE,3
1429,43,209,210,TRUE,FALSE,1
1430,33,4,4,TRUE,FALSE,0
1431,30,353,354,TRUE,FALSE,1
1432,17,190,196,TRUE,FALSE,6
1433,4,263,266,TRUE,FALSE,3
1434,40,147,146,TRUE,FALSE,-1
1435,45,133,133,TRUE,FALSE,0
1436,48,130,134,TRUE,FALSE,4
1437,12,339,345,TRUE,FALSE,6
1438,30,109,113,TRUE,FALSE,4
1439,28,227,228,TRUE,FALSE,1
1440,15,66,72,TRUE,FALSE,6
1441,9,304,309,TRUE,FALSE,5
1442,17,162,162,TRUE,FALSE,0
1443,32,102,106,TRUE,TRUE,4
1444,29,107,109,TRUE,FALSE,2
1445,20,166,168,TRUE,FALSE,2
1446,44,295,299,TRUE,FALSE,4
1447,29,234,235,FALSE,FALSE,1
1448,9,361,361,TRUE,FALSE,0
1449,33,93,98,TRUE,FALSE,5
1450,13,34,35,TRUE,FALSE,1
1451,21,339,344,TRUE,FALSE,5
1452,34,265,271,TRUE,FALSE,6
1453,17,178,182,TRUE,FALSE,4
1454,12,151,154,TRUE,FALSE,3
1455,48,181,185,TRUE,FALSE,4
1456,9,82,86,TRUE,FALSE,4
1457,18,38,39,TRUE,FALSE,1
1458,12,293,293,TRUE,FALSE,0
1459,43,349,350,TRUE,FALSE,1
1460,2,252,253,TRUE,FALSE,1
1461,22,148,152,TRUE,FALSE,4
1462,11,309,308,TRUE,FALSE,-1
1463,7,211,214,TRUE,FALSE,3
1464,43,110,113,TRUE,FALSE,3
1465,48,362,364,TRUE,FALSE,2
1466,23,89,88,TRUE,FALSE,-1
1467,26,318,319,TRUE,FALSE,1
1468,47,97,99,TRUE,FALSE,2
1469,3,197,201,TRUE,FALSE,4
1470,11,87,92,TRUE,FALSE,5
1471,22,303,304,TRUE,FALSE,1
1472,48,116,120,TRUE,FALSE,4
1473,41,116,116,TRUE,FALSE,0
1474,10,330,333,TRUE,FALSE,3
1475,27,329,333,TRUE,FALSE,4
1476,46,65,65,TRUE,FALSE,0
1477,29,166,170,TRUE,FALSE,4
1478,46,30,35,TRUE,FALSE,5
1479,1,151,154,TRUE,FALSE,3
1480,41,245,245,TRUE,FALSE,0
1481,31,139,139,TRUE,FALSE,0
1482,8,86,87,TRUE,FALSE,1
1483,30,299,303,TRUE,FALSE,4
1484,20,153,152,TRUE,FALSE,-1
1485,20,9,15,TRUE,TRUE,6
1486,39,346,349,TRUE,FALSE,3
1487,23,312,315,TRUE,FALSE,3
1488,13,254,256,TRUE,TRUE,2
1489,43,310,313,TRUE,FALSE,3
1490,7,301,304,TRUE,FALSE,3
1491,14,140,143,TRUE,FALSE,3
1492,10,339,343,TRUE,FALSE,4
1493,38,364,364,TRUE,FALSE,0
1494,14,192,195,TRUE,FALSE,3
1495,44,182,183,TRUE,FALSE,1
1496,35,162,164,TRUE,FALSE,2
1497,17,150,152,TRUE,FALSE,2
1498,37,109,109,TRUE,FALSE,0
1499,49,96,102,TRUE,FALSE,6
1500,40,216,222,TRUE,FALSE,6
1501,26,3,9,TRUE,FALSE,6
1502,15,326,327,TRUE,FALSE,1
1503,32,71,70,TRUE,FALSE,-1
1504,15,18,24,TRUE,FALSE,6
1505,45,251,252,TRUE,FALSE,1
1506,31,348,354,TRUE,FALSE,6
1507,28,215,219,TRUE,FALSE,4
1508,18,50,54,TRUE,FALSE,4
1509,43,77,81,TRUE,FALSE,4
1510,18,19,23,TRUE,FALSE,4
1511,3,198,197,TRUE,FALSE,-1
1512,7,122,122,TRUE,FALSE,0
1513,7,260,259,TRUE,FALSE,-1
1514,7,111,116,TRUE,FALSE,5
1515,10,186,191,TRUE,FALSE,5
1516,49,240,245,TRUE,FALSE,5
1517,34,362,361,TRUE,FALSE,-1
1518,33,46,51,TRUE,FALSE,5
1519,13,60,63,TRUE,FALSE,3
1520,27,194,194,TRUE,FALSE,0
1521,24,189,191,TRUE,FALSE,2
1522,3,23,27,TRUE,FALSE,4
1523,12,124,127,TRUE,FALSE,3
1524,43,309,315,TRUE,FALSE,6
1525,18,153,158,TRUE,FALSE,5
1526,11,286,285,TRUE,FALSE,-1
1527,26,269,272,TRUE,FALSE,3
1528,29,124,130,TRUE,FALSE,6
1529,12,262,265,TRUE,FALSE,3
1530,29,86,88,TRUE,FALSE,2
1531,41,96,96,TRUE,FALSE,0
1532,14,74,78,TRUE,FALSE,4
1533,49,153,157,TRUE,FALSE,4
1534,29,275,280,TRUE,FALSE,5
1535,12,306,307,TRUE,FALSE,1
1536,21,243,247,TRUE,FALSE,4
1537,36,22,27,TRUE,FALSE,5
1538,14,117,122,TRUE,FALSE,5
1539,5,230,232,TRUE,FALSE,2
1540,18,273,277,TRUE,FALSE,4
1541,22,304,306,TRUE,FALSE,2
1542,3,194,198,TRUE,FALSE,4
1543,41,305,305,TRUE,FALSE,0
1544,23,276,281,TRUE,FALSE,5
1545,25,128,132,TRUE,FALSE,4
1546,22,312,317,FALSE,FALSE,5
1547,42,104,107,TRUE,FALSE,3
1548,10,15,19,TRUE,FALSE,4
1549,19,295,297,TRUE,FALSE,2
1550,17,222,223,TRUE,FALSE,1
1551,28,110,113,TRUE,FALSE,3
1552,8,222,222,TRUE,FALSE,0
1553,5,85,90,TRUE,FALSE,5
1554,7,267,273,TRUE,FALSE,6
1555,6,196,201,TRUE,FALSE,5
1556,7,190,194,TRUE,FALSE,4
1557,47,82,85,TRUE,FALSE,3
1558,34,300,304,TRUE,FALSE,4
1559,15,270,272,TRUE,FALSE,2
1560,11,299,298,TRUE,FALSE,-1
1561,14,269,271,TRUE,FALSE,2
1562,25,24,24,TRUE,FALSE,0
1563,6,237,240,TRUE,FALSE,3
1564,47,173,176,TRUE,FALSE,3
1565,6,27,26,TRUE,FALSE,-1
1566,45,264,265,TRUE,FALSE,1
1567,24,231,236,TRUE,FALSE,5
1568,35,109,109,TRUE,FALSE,0
1569,4,204,208,TRUE,FALSE,4
1570,37,195,197,TRUE,FALSE,2
1571,49,353,357,TRUE,FALSE,4
1572,28,52,51,TRUE,FALSE,-1
1573,7,3,8,TRUE,FALSE,5
1574,39,350,354,TRUE,FALSE,4
1575,50,7,13,TRUE,FALSE,6
1576,33,179,179,TRUE,FALSE,0
1577,19,173,177,TRUE,FALSE,4
1578,31,166,166,FALSE,FALSE,0
1579,11,38,41,TRUE,FALSE,3
1580,24,289,289,TRUE,FALSE,0
1581,21,178,183,FALSE,FALSE,5
1582,9,52,51,TRUE,FALSE,-1
1583,45,51,50,TRUE,FALSE,-1
1584,27,3,8,TRUE,FALSE,5
1585,32,143,148,TRUE,FALSE,5
1586,42,12,13,TRUE,FALSE,1
1587,30,272,272,TRUE,FALSE,0
1588,2,263,266,TRUE,FALSE,3
1589,29,78,83,TRUE,FALSE,5
1590,7,249,254,TRUE,FALSE,5
1591,19,337,340,TRUE,FALSE,3
1592,25,318,318,TRUE,FALSE,0
1593,5,333,337,TRUE,FALSE,4
1594,2,197,197,TRUE,FALSE,0
1595,31,11,14,TRUE,FALSE,3
1596,29,204,206,TRUE,FALSE,2
1597,44,294,300,TRUE,TRUE,6
1598,4,194,198,TRUE,FALSE,4
1599,20,96,98,TRUE,FALSE,2
1600,42,265,269,TRUE,FALSE,4
1601,17,149,152,TRUE,FALSE,3
1602,28,133,137,TRUE,FALSE,4
1603,49,206,208,TRUE,FALSE,2
1604,20,122,125,TRUE,FALSE,3
1605,46,326,327,TRUE,FALSE,1
1606,29,317,319,TRUE,FALSE,2
1607,7,139,144,TRUE,FALSE,5
1608,45,264,268,TRUE,FALSE,4
1609,29,360,363,TRUE,FALSE,3
1610,40,70,71,TRUE,FALSE,1
1611,44,182,181,TRUE,FALSE,-1
1612,35,48,50,TRUE,FALSE,2
1613,49,25,27,TRUE,FALSE,2
1614,35,40,44,TRUE,FALSE,4
1615,23,277,278,TRUE,FALSE,1
1616,17,352,357,TRUE,FALSE,5
1617,46,323,328,TRUE,FALSE,5
1618,13,266,270,TRUE,FALSE,4
1619,3,99,99,TRUE,FALSE,0
1620,46,131,131,TRUE,FALSE,0
1621,44,154,160,TRUE,FALSE,6
1622,13,301,305,TRUE,FALSE,4
1623,22,157,156,TRUE,FALSE,-1
1624,43,239,239,TRUE,FALSE,0
1625,20,31,31,TRUE,FALSE,0
1626,41,281,283,TRUE,FALSE,2
1627,46,333,338,TRUE,FALSE,5
1628,19,337,339,TRUE,FALSE,2
1629,13,196,198,TRUE,FALSE,2
1630,8,148,149,TRUE,FALSE,1
1631,45,206,211,TRUE,FALSE,5
1632,33,154,154,TRUE,FALSE,0
1633,44,101,107,TRUE,FALSE,6
1634,39,191,196,TRUE,TRUE,5
1635,11,4,6,TRUE,FALSE,2
1636,36,299,303,TRUE,FALSE,4
1637,12,80,82,TRUE,FALSE,2
1638,6,225,230,TRUE,FALSE,5
1639,50,245,247,TRUE,FALSE,2
1640,35,145,146,TRUE,FALSE,1
1641,38,157,161,TRUE,FALSE,4
1642,39,156,161,TRUE,FALSE,5
1643,45,280,283,TRUE,FALSE,3
1644,36,348,350,TRUE,FALSE,2
1645,17,115,115,TRUE,FALSE,0
1646,10,115,116,TRUE,TRUE,1
1647,2,328,327,FALSE,FALSE,-1
1648,43,11,13,TRUE,FALSE,2
1649,6,205,206,TRUE,FALSE,1
1650,27,351,354,TRUE,FALSE,3
1651,6,258,258,TRUE,FALSE,0
1652,27,81,81,TRUE,FALSE,0
1653,20,138,142,TRUE,FALSE,4
1654,37,365,369,TRUE,FALSE,4
1655,37,55,59,TRUE,FALSE,4
1656,48,270,270,TRUE,FALSE,0
1657,34,192,198,TRUE,FALSE,6
1658,29,46,46,TRUE,FALSE,0
1659,43,361,361,TRUE,TRUE,0
1660,32,41,41,TRUE,FALSE,0
1661,24,37,41,TRUE,FALSE,4
1662,24,361,363,TRUE,FALSE,2
1663,3,35,39,TRUE,FALSE,4
1664,42,319,324,TRUE,FALSE,5
1665,16,321,325,TRUE,FALSE,4
1666,16,220,224,TRUE,FALSE,4
1667,29,143,148,TRUE,FALSE,5
1668,7,148,148,TRUE,FALSE,0
1669,2,251,251,TRUE,FALSE,0
1670,25,136,136,TRUE,FALSE,0
1671,13,88,92,TRUE,FALSE,4
1672,4,210,215,TRUE,TRUE,5
1673,23,47,48,TRUE,FALSE,1
1674,9,299,299,TRUE,FALSE,0
1675,28,140,141,TRUE,FALSE,1
1676,3,259,258,TRUE,FALSE,-1
1677,10,233,238,TRUE,FALSE,5
1678,45,9,11,TRUE,FALSE,2
1679,30,236,236,TRUE,FALSE,0
1680,48,186,190,TRUE,FALSE,4
1681,19,349,353,TRUE,FALSE,4
1682,23,122,125,TRUE,FALSE,3
1683,39,328,329,TRUE,FALSE,1
1684,34,331,331,TRUE,FALSE,0
1685,45,221,226,TRUE,FALSE,5
1686,48,124,129,TRUE,FALSE,5
1687,21,360,360,TRUE,FALSE,0
1688,44,215,214,TRUE,FALSE,-1
1689,20,83,84,TRUE,FALSE,1
1690,43,130,133,TRUE,FALSE,3
1691,10,250,254,TRUE,FALSE,4
1692,6,281,285,TRUE,FALSE,4
1693,48,107,110,TRUE,FALSE,3
1694,7,179,179,TRUE,FALSE,0
1695,35,356,356,TRUE,FALSE,0
1696,44,48,50,TRUE,FALSE,2
1697,29,298,299,TRUE,FALSE,1
1698,6,105,105,TRUE,FALSE,0
1699,14,139,144,TRUE,FALSE,5
1700,15,109,112,TRUE,FALSE,3
1701,8,213,217,TRUE,FALSE,4
1702,32,118,119,TRUE,FALSE,1
1703,5,155,160,TRUE,TRUE,5
1704,23,23,28,TRUE,FALSE,5
1705,31,223,227,TRUE,FALSE,4
1706,7,203,209,TRUE,FALSE,6
1707,8,248,251,TRUE,FALSE,3
1708,15,206,209,TRUE,FALSE,3
1709,39,112,117,TRUE,FALSE,5
1710,16,92,91,TRUE,FALSE,-1
1711,45,153,157,TRUE,FALSE,4
1712,48,53,58,TRUE,FALSE,5
1713,50,95,97,TRUE,FALSE,2
1714,34,78,78,TRUE,FALSE,0
1715,27,72,74,TRUE,FALSE,2
1716,13,23,26,TRUE,FALSE,3
1717,6,135,134,TRUE,FALSE,-1
1718,8,264,263,TRUE,FALSE,-1
1719,42,135,137,TRUE,FALSE,2
1720,4,115,118,TRUE,FALSE,3
1721,47,154,156,TRUE,FALSE,2
1722,34,359,362,TRUE,FALSE,3
1723,12,352,356,TRUE,FALSE,4
1724,47,337,336,TRUE,FALSE,-1
1725,48,73,73,TRUE,FALSE,0
1726,16,43,48,TRUE,FALSE,5
1727,33,349,349,TRUE,FALSE,0
1728,23,221,226,TRUE,FALSE,5
1729,45,242,247,TRUE,FALSE,5
1730,47,285,286,TRUE,FALSE,1
1731,39,228,231,TRUE,FALSE,3
1732,29,162,167,TRUE,FALSE,5
1733,26,239,239,TRUE,TRUE,0
1734,40,64,66,TRUE,FALSE,2
1735,21,70,70,TRUE,FALSE,0
1736,8,99,101,TRUE,FALSE,2
1737,7,97,101,TRUE,FALSE,4
1738,30,327,328,TRUE,FALSE,1
1739,20,278,281,TRUE,FALSE,3
1740,22,287,286,TRUE,FALSE,-1
1741,19,314,315,TRUE,FALSE,1
1742,26,112,112,TRUE,FALSE,0
1743,21,51,51,TRUE,FALSE,0
1744,45,15,16,TRUE,FALSE,1
1745,48,192,194,TRUE,FALSE,2
1746,23,117,122,TRUE,FALSE,5
1747,40,342,347,TRUE,FALSE,5
1748,32,303,304,TRUE,FALSE,1
1749,5,249,252,TRUE,TRUE,3
1750,37,131,132,TRUE,FALSE,1
1751,4,12,11,TRUE,FALSE,-1
1752,31,242,244,TRUE,FALSE,2
1753,4,134,139,TRUE,FALSE,5
1754,16,338,341,TRUE,FALSE,3
1755,32,134,133,TRUE,FALSE,-1
1756,38,184,187,TRUE,FALSE,3
1757,27,275,277,TRUE,FALSE,2
1758,23,266,267,TRUE,FALSE,1
1759,25,277,283,TRUE,TRUE,6
1760,39,52,57,TRUE,FALSE,5
1761,28,119,124,TRUE,FALSE,5
1762,48,188,191,TRUE,FALSE,3
1763,7,119,124,TRUE,FALSE,5
1764,36,40,43,TRUE,FALSE,3
1765,42,87,91,TRUE,FALSE,4
1766,48,316,321,TRUE,FALSE,5
1767,18,13,12,TRUE,FALSE,-1
1768,44,126,130,TRUE,FALSE,4
1769,29,86,88,TRUE,FALSE,2
1770,2,329,335,TRUE,FALSE,6
1771,26,248,249,TRUE,FALSE,1
1772,4,149,148,FALSE,FALSE,-1
1773,1,300,304,TRUE,FALSE,4
1774,5,211,214,TRUE,FALSE,3
1775,17,261,261,TRUE,FALSE,0
1776,37,311,316,TRUE,FALSE,5
1777,22,56,55,TRUE,FALSE,-1
1778,30,196,199,TRUE,FALSE,3
1779,38,61,66,TRUE,TRUE,5
1780,45,204,210,TRUE,FALSE,6
1781,31,202,204,TRUE,FALSE,2
1782,2,239,241,TRUE,FALSE,2
1783,47,5,11,TRUE,FALSE,6
1784,5,95,98,TRUE,FALSE,3
1785,50,141,147,TRUE,FALSE,6
1786,3,145,148,TRUE,FALSE,3
1787,49,117,121,TRUE,FALSE,4
1788,24,44,49,TRUE,FALSE,5
1789,35,197,201,TRUE,FALSE,4
1790,19,275,279,TRUE,FALSE,4
1791,43,234,238,TRUE,FALSE,4
1792,44,113,113,TRUE,FALSE,0
1793,25,230,235,TRUE,FALSE,5
1794,6,36,38,TRUE,FALSE,2
1795,14,48,52,FALSE,FALSE,4
1796,15,262,265,TRUE,FALSE,3
1797,42,232,234,TRUE,FALSE,2
1798,33,200,204,TRUE,FALSE,4
1799,42,41,42,TRUE,FALSE,1
1800,45,189,188,TRUE,FALSE,-1
1801,17,215,219,TRUE,FALSE,4
1802,38,167,172,TRUE,FALSE,5
1803,16,317,322,TRUE,FALSE,5
1804,43,44,49,TRUE,FALSE,5
1805,31,225,229,TRUE,FALSE,4
1806,26,211,217,TRUE,FALSE,6
1807,45,263,268,TRUE,FALSE,5
1808,25,74,77,TRUE,FALSE,3
1809,26,222,224,TRUE,FALSE,2
1810,17,360,360,TRUE,FALSE,0
1811,13,237,241,TRUE,FALSE,4
1812,32,283,284,TRUE,FALSE,1
1813,35,177,177,TRUE,FALSE,0
1814,49,115,115,TRUE,FALSE,0
1815,15,341,343,TRUE,FALSE,2
1816,21,39,41,TRUE,FALSE,2
1817,9,54,55,TRUE,FALSE,1
1818,7,8,10,TRUE,TRUE,2
1819,7,246,250,TRUE,FALSE,4
1820,48,30,31,TRUE,FALSE,1
1821,47,320,323,TRUE,FALSE,3
1822,21,131,136,TRUE,FALSE,5
1823,4,87,86,TRUE,FALSE,-1
1824,35,352,354,TRUE,FALSE,2
1825,36,61,65,TRUE,FALSE,4
1826,36,182,187,TRUE,FALSE,5
1827,33,80,81,TRUE,FALSE,1
1828,10,347,349,TRUE,FALSE,2
1829,21,271,270,TRUE,FALSE,-1
1830,11,297,298,TRUE,FALSE,1
1831,47,233,235,TRUE,FALSE,2
1832,15,269,272,TRUE,FALSE,3
1833,9,264,267,TRUE,FALSE,3
1834,33,195,200,TRUE,FALSE,5
1835,7,289,295,TRUE,FALSE,6
1836,30,155,158,TRUE,FALSE,3
1837,20,283,286,TRUE,FALSE,3
1838,16,85,87,TRUE,FALSE,2
1839,40,133,135,TRUE,FALSE,2
1840,15,139,141,TRUE,FALSE,2
1841,2,139,139,TRUE,FALSE,0
1842,32,128,127,TRUE,FALSE,-1
1843,15,26,31,TRUE,FALSE,5
1844,8,143,148,TRUE,FALSE,5
1845,11,84,84,TRUE,TRUE,0
1846,40,252,257,TRUE,FALSE,5
1847,37,188,194,TRUE,FALSE,6
1848,38,116,115,TRUE,FALSE,-1
1849,49,69,72,TRUE,FALSE,3
1850,48,86,87,TRUE,FALSE,1
1851,19,182,183,TRUE,FALSE,1
1852,27,246,248,TRUE,FALSE,2
1853,8,41,47,TRUE,FALSE,6
1854,6,314,318,TRUE,FALSE,4
1855,33,233,237,TRUE,FALSE,4
1856,18,19,21,TRUE,FALSE,2
1857,22,139,141,TRUE,FALSE,2
1858,45,183,183,TRUE,FALSE,0
1859,6,245,246,TRUE,FALSE,1
1860,10,23,27,TRUE,FALSE,4
1861,10,335,335,TRUE,FALSE,0
1862,11,62,61,TRUE,FALSE,-1
1863,7,192,194,TRUE,FALSE,2
1864,9,197,201,TRUE,FALSE,4
1865,38,6,10,TRUE,FALSE,4
1866,12,249,253,TRUE,FALSE,4
1867,25,328,331,TRUE,FALSE,3
1868,47,9,13,TRUE,FALSE,4
1869,23,133,134,TRUE,FALSE,1
1870,1,151,150,TRUE,FALSE,-1
1871,8,254,254,TRUE,FALSE,0
1872,14,94,93,TRUE,FALSE,-1
1873,43,76,78,TRUE,FALSE,2
1874,43,161,164,TRUE,FALSE,3
1875,37,205,209,TRUE,FALSE,4
1876,19,58,62,TRUE,FALSE,4
1877,39,288,293,TRUE,FALSE,5
1878,18,140,145,TRUE,FALSE,5
1879,29,122,121,TRUE,FALSE,-1
1880,13,44,46,TRUE,TRUE,2
1881,29,258,257,TRUE,FALSE,-1
1882,37,331,336,TRUE,FALSE,5
1883,9,53,54,TRUE,TRUE,1
1884,40,252,253,TRUE,FALSE,1
1885,38,74,75,TRUE,FALSE,1
1886,6,143,148,TRUE,FALSE,5
1887,8,258,262,TRUE,FALSE,4
1888,1,244,243,TRUE,FALSE,-1
1889,38,340,342,TRUE,FALSE,2
1890,49,148,150,TRUE,FALSE,2
1891,22,29,30,TRUE,FALSE,1
1892,11,179,184,TRUE,FALSE,5
1893,33,43,48,TRUE,FALSE,5
1894,5,284,288,TRUE,TRUE,4
1895,18,101,105,TRUE,FALSE,4
1896,43,56,57,TRUE,TRUE,1
1897,41,271,273,TRUE,FALSE,2
1898,46,297,302,TRUE,FALSE,5
1899,7,278,278,TRUE,FALSE,0
1900,23,177,178,TRUE,FALSE,1
1901,49,245,244,TRUE,TRUE,-1
1902,36,271,274,TRUE,FALSE,3
1903,15,16,19,TRUE,FALSE,3
1904,12,173,172,TRUE,FALSE,-1
1905,23,205,210,TRUE,FALSE,5
1906,41,10,11,TRUE,FALSE,1
1907,8,145,145,TRUE,FALSE,0
1908,13,146,149,TRUE,FALSE,3
1909,31,243,249,TRUE,FALSE,6
1910,9,36,39,TRUE,FALSE,3
1911,35,310,313,TRUE,FALSE,3
1912,23,34,39,TRUE,FALSE,5
1913,36,215,219,TRUE,FALSE,4
1914,12,84,89,TRUE,FALSE,5
1915,39,195,200,TRUE,FALSE,5
1916,21,69,72,TRUE,FALSE,3
1917,5,187,190,TRUE,FALSE,3
1918,40,298,298,TRUE,FALSE,0
1919,34,244,244,TRUE,FALSE,0
1920,31,130,134,TRUE,FALSE,4
1921,47,97,100,TRUE,FALSE,3
1922,31,349,355,TRUE,FALSE,6
1923,14,151,156,TRUE,FALSE,5
1924,46,245,244,TRUE,FALSE,-1
1925,9,97,102,TRUE,FALSE,5
1926,10,153,153,TRUE,FALSE,0
1927,40,45,46,TRUE,FALSE,1
1928,29,319,324,TRUE,FALSE,5
1929,48,81,81,TRUE,FALSE,0
1930,32,67,71,TRUE,FALSE,4
1931,45,194,197,TRUE,FALSE,3
1932,43,46,45,TRUE,FALSE,-1
1933,21,57,61,TRUE,FALSE,4
1934,7,225,224,TRUE,TRUE,-1
1935,33,269,274,TRUE,FALSE,5
1936,9,318,323,TRUE,FALSE,5
1937,22,124,125,TRUE,FALSE,1
1938,23,325,327,TRUE,FALSE,2
1939,37,3,9,TRUE,FALSE,6
1940,39,344,348,TRUE,FALSE,4
1941,46,130,134,TRUE,FALSE,4
1942,29,274,279,TRUE,FALSE,5
1943,42,244,245,TRUE,FALSE,1
1944,26,240,241,TRUE,FALSE,1
1945,22,253,257,TRUE,FALSE,4
1946,17,309,313,FALSE,FALSE,4
1947,28,256,260,TRUE,FALSE,4
1948,11,196,196,TRUE,FALSE,0
1949,8,323,325,TRUE,FALSE,2
1950,24,325,326,TRUE,FALSE,1
1951,31,343,346,TRUE,FALSE,3
1952,26,246,251,TRUE,FALSE,5
1953,8,176,178,TRUE,FALSE,2
1954,45,206,211,TRUE,FALSE,5
1955,49,44,46,TRUE,FALSE,2
1956,2,50,52,TRUE,FALSE,2
1957,40,321,326,TRUE,FALSE,5
1958,29,263,267,TRUE,FALSE,4
1959,20,155,156,TRUE,FALSE,1
1960,26,253,254,TRUE,FALSE,1
1961,14,85,85,TRUE,FALSE,0
1962,3,246,245,TRUE,FALSE,-1
1963,15,213,217,TRUE,FALSE,4
1964,12,64,68,TRUE,FALSE,4
1965,32,230,232,TRUE,FALSE,2
1966,20,186,190,TRUE,FALSE,4
1967,14,19,22,TRUE,FALSE,3
1968,7,61,66,TRUE,FALSE,5
1969,38,313,318,TRUE,FALSE,5
1970,18,62,65,TRUE,FALSE,3
1971,48,73,74,TRUE,TRUE,1
1972,45,132,137,TRUE,FALSE,5
1973,10,43,45,TRUE,FALSE,2
1974,39,294,295,TRUE,FALSE,1
1975,24,21,23,TRUE,TRUE,2
1976,33,303,303,TRUE,FALSE,0
1977,45,139,144,FALSE,FALSE,5
1978,34,90,95,TRUE,FALSE,5
1979,47,219,219,TRUE,FALSE,0
1980,31,246,247,TRUE,FALSE,1
1981,3,349,348,TRUE,FALSE,-1
1982,12,250,254,TRUE,FALSE,4
1983,38,76,81,TRUE,FALSE,5
1984,43,360,360,TRUE,FALSE,0
1985,12,153,152,TRUE,FALSE,-1
1986,16,266,267,TRUE,FALSE,1
1987,40,179,178,TRUE,FALSE,-1
1988,27,312,316,TRUE,FALSE,4
1989,25,345,350,TRUE,FALSE,5
1990,15,235,236,TRUE,FALSE,1
1991,42,108,113,TRUE,FALSE,5
1992,5,53,53,TRUE,FALSE,0
1993,47,243,244,TRUE,FALSE,1
1994,7,105,106,TRUE,FALSE,1
1995,47,168,171,TRUE,FALSE,3
1996,17,59,64,TRUE,FALSE,5
1997,25,252,257,TRUE,FALSE,5
1998,14,183,187,TRUE,FALSE,4
1999,49,150,154,TRUE,FALSE,4